cliente_id,cliente_nombre,cliente_ip,cliente_mac,matched
,,172.24.79.43,e0:63:da:10:b3:66,False
,,172.24.79.54,f4:92:bf:36:00:8e,False
,,172.24.80.15,f4:92:bf:30:e4:d0,False
,,172.24.77.6,fc:ec:da:28:d4:7d,False
,,nan,nan,False
,,172.24.76.2,f4:92:bf:34:fa:82,False
,,nan,nan,False
,,172.24.51.3,e0:63:da:4a:d7:8b,False
,,nan,nan,False
,,nan,nan,False
,,172.24.51.88,fc:ec:da:0a:7f:7d,False
,,nan,nan,False
,,nan,nan,False
,,nan,nan,False
,,172.24.77.24,f4:92:bf:d8:49:8b,False
,,nan,nan,False
,,172.24.80.33,f4:92:bf:d8:50:92,False
,,nan,nan,False
,,172.24.80.62,18:e8:29:dc:0b:d4,False
,,172.24.76.63,nan,False
,,172.24.75.12,f4:92:bf:3e:d6:dd,False
,,nan,nan,False
,,nan,nan,False
,,nan,nan,False
,,nan,nan,False
,,172.24.79.47,fc:ec:da:9a:41:6d,False
,,172.24.51.37,fc:ec:da:28:b1:27,False
,,nan,nan,False
,,nan,nan,False
,,172.24.77.7,fc:ec:da:54:3b:1c,False
,,172.24.75.23172.24.75.19,f0:9f:c2:50:4e:7d24:5a:4c:ee:33:5d,False
,,172.24.81.67,74:83:c2:56:4d:c2,False
,,172.24.79.8,fc:ec:da:54:3c:f9,False
,,172.24.78.29,74:83:c2:56:be:35,False
,,172.24.81.62,74:ac:b9:7a:e4:a8,False
,,172.24.78.30,b4:fb:e4:de:2e:38,False
,,nan,nan,False
,,nan,nan,False
,,172.24.80.7,fc:ec:da:0a:81:f6,False
,,172.24.80.37,fc:ec:da:0a:82:44,False
,,172.24.80.19,74:83:c2:56:be:46,False
,,nan,nan,False
,,172.24.51.14,fc:ec:da:0c:a1:28,False
,,172.24.80.17,74:ac:b9:8e:f3:4a,False
,,172.24.78.6,fc:ec:da:26:99:fd,False
,,nan,nan,False
,,172.24.78.34,b4:fb:e4:68:a9:78,False
,,172.24.80.21,fc:ec:da:28:b1:1b,False
,,172.24.79.3,fc:ec:da:cc:32:7c,False
,,172.24.80.22,b4:fb:e4:de:40:74,False
,,nan,nan,False
,,172.24.79.77,fc:ec:da:28:df:d0,False
,,172.24.79.7,f4:92:bf:36:09:08,False
,,172.24.75.7172.24.51.59,d8:32:14:cd:49:a0,False
,,nan,nan,False
,,nan,nan,False
,,172.24.80.6172.24.77.34,78:8a:20:cc:b4:1d60:22:32:b8:25:b5,False
,,172.24.76.3,d8:32:14:cd:1d:f0,False
,,nan,nan,False
,,nan,nan,False
,,172.24.76.17,04:95:e6:66:43:e8,False
,,172.24.51.34,fc:ec:da:cc:2a:a8,False
,,172.24.80.134,18:e8:29:dc:10:26,False
,,172.24.81.17,78:8a:20:cc:25:52,False
,,nan,nan,False
,,nan,nan,False
,,172.24.78.61,b4:fb:e4:34:86:c1,False
,,172.24.78.2,fc:ec:da:28:e7:13,False
,,172.24.81.31,b4:fb:e4:66:45:fa,False
,,172.24.78.150,nan,False
,,172.24.76.47,60:22:32:dc:4b:f0,False
,,172.24.81.2,e8:65:d4:b3:d9:a0,False
,,172.24.81.40,nan,False
,,172.24.78.35,74:83:c2:56:c3:7a,False
,,nan,nan,False
,,172.24.78.7,fc:ec:da:0a:87:8e,False
,,nan,nan,False
,,nan,nan,False
,,nan,nan,False
,,nan,nan,False
,,nan,nan,False
,,172.24.51.13,e0:63:da:4a:8b:8b,False
,,nan,nan,False
,,172.24.81.39,fc:ec:da:c4:03:00,False
,,172.24.51.124,f4:92:bf:3e:cf:09,False
,,nan,nan,False
,,nan,nan,False
,,172.24.77.10,fc:ec:da:cc:26:8c,False
,,172.24.79.10,70:a7:41:20:76:c0,False
,,nan,nan,False
,,172.24.76.50,f4:92:bf:3e:d0:9e,False
,,nan,nan,False
,,nan,nan,False
,,172.24.79.26,80:2a:a8:34:6e:d3,False
,,172.24.79.15,78:8a:20:cc:b2:9f,False
,,172.24.78.11,18:e8:29:dc:10:76,False
,,172.24.77.33,fc:ec:da:54:04:10,False
,,172.24.77.17,fc:ec:da:0a:7e:96,False
,,172.24.80.48,nan,False
,,172.24.75.67,24:5a:4c:fc:7d:3a,False
,,172.24.51.24,b4:fb:e4:34:88:16,False
,,nan,nan,False
,,nan,nan,False
,,172.24.78.21,f4:92:bf:34:db:79,False
,,nan,nan,False
,,172.24.76.39,e0:63:da:4a:d9:69,False
,,nan,nan,False
,,nan,nan,False
,,nan,nan,False
,,172.24.78.42,nan,False
,,nan,nan,False
,,172.24.79.25,fc:ec:da:0a:7c:17,False
,,172.24.78.46,f4:92:bf:d2:b5:5b,False
,,nan,nan,False
,,nan,nan,False
,,172.24.51.45,nan,False
,,nan,nan,False
,,nan,nan,False
,,172.24.51.41,70:a7:41:1e:22:b6,False
,,nan,nan,False
,,nan,nan,False
,,172.24.51.110,nan,False
,,172.24.80.59,b4:fb:e4:62:f4:f9,False
,,nan,nan,False
,,172.24.79.22,b4:fb:e4:a0:c9:b3,False
,,172.24.78.47,f4:92:bf:d2:a5:73,False
,,nan,nan,False
,,172.24.80.23,74:ac:b9:8e:7c:b6,False
,,172.24.77.2,fc:ec:da:28:e5:f1,False
,,172.24.79.42,18:e8:29:80:39:8d,False
,,nan,nan,False
,,172.24.79.92,f0:9f:c2:50:50:93,False
,,nan,nan,False
,,172.24.78.104,b4:fb:e4:62:7a:a7,False
,,172.24.80.100,b4:fb:e4:66:a7:b9,False
,,nan,nan,False
,,nan,nan,False
,,172.24.83.9,50:0f:f5:d6:14:c8,False
,,172.24.77.32,fc:ec:da:28:d6:79,False
,,nan,nan,False
,,172.24.79.45,b4:fb:e4:de:40:cd,False
,,172.24.76.31,74:ac:b9:8e:5e:49,False
,,172.24.79.46,b4:fb:e4:a0:c2:20,False
,,nan,nan,False
,,nan,nan,False
,,nan,nan,False
,,nan,nan,False
,,nan,nan,False
,,nan,nan,False
,,172.24.51.10,74:ac:b9:76:e0:7e,False
,,nan,nan,False
,,nan,nan,False
,,172.24.76.72,b4:fb:e4:a4:48:22,False
,,nan,nan,False
,,172.24.80.78,b4:fb:e4:de:44:fa,False
,,172.24.79.55,f4:92:bf:3e:c6:e5,False
,,172.24.51.27,74:ac:b9:7a:e6:b7,False
,,172.24.51.18,74:83:c2:ae:1a:a7,False
,,172.24.79.14,74:83:c2:ae:19:e4,False
,,nan,nan,False
,,172.24.79.5,e0:63:da:f4:66:60,False
,,172.24.51.36,nan,False
,,172.24.81.61,fc:ec:da:26:94:f4,False
,,nan,nan,False
,,nan,nan,False
,,172.24.79.27,b4:fb:e4:a4:47:a8,False
,,nan,nan,False
,,172.24.78.5,b4:fb:e4:66:32:67,False
,,172.24.78.132,nan,False
,,nan,nan,False
,,172.24.76.10,nan,False
,,nan,nan,False
,,nan,nan,False
,,172.24.78.12,nan,False
,,172.24.81.92,74:83:c2:ee:d8:1a,False
,,nan,nan,False
,,172.24.77.31,74:83:c2:ee:d8:4f,False
,,nan,nan,False
,,172.24.81.52,nan,False
,,172.24.79.29,nan,False
,,172.24.78.13,nan,False
,,172.24.51.38,nan,False
,,172.24.78.15,nan,False
,,nan,nan,False
,,nan,nan,False
,,172.24.79.59,nan,False
,,172.24.81.63,nan,False
,,172.24.77.26,nan,False
,,nan,nan,False
,,172.24.77.40,nan,False
,,nan,nan,False
,,nan,nan,False
,,172.24.51.92,nan,False
,,172.24.81.64,nan,False
,,nan,nan,False
,,172.24.51.28,f4:92:bf:30:e3:3d,False
,,172.24.51.35,nan,False
,,nan,nan,False
,,172.24.81.71,nan,False
,,nan,nan,False
,,nan,nan,False
,,nan,nan,False
,,nan,nan,False
,,172.24.78.19,nan,False
,,nan,nan,False
,,nan,nan,False
,,nan,nan,False
,,172.24.81.45,nan,False
,,nan,nan,False
,,172.24.51.8,nan,False
,,172.24.80.98,nan,False
,,nan,nan,False
,,nan,nan,False
,,nan,nan,False
,,172.24.81.88,nan,False
,,nan,nan,False
,,172.24.81.3,nan,False
,,172.24.77.30,nan,False
,,172.24.81.110,nan,False
,,nan,nan,False
,,nan,nan,False
,,172.24.79.64,nan,False
,,172.24.78.48,nan,False
,,nan,nan,False
,,172.24.78.50,nan,False
,,172.24.51.63,nan,False
,,172.24.78.54,nan,False
,,172.24.78.53,nan,False
,,nan,nan,False
,,nan,nan,False
,,nan,nan,False
,,172.24.78.56,nan,False
,,172.24.51.17,nan,False
,,172.24.78.57,nan,False
,,172.24.78.58,nan,False
,,172.24.78.60,nan,False
,,172.24.80.8,nan,False
,,172.24.81.51,nan,False
,,172.24.77.27,nan,False
,,172.24.81.26,nan,False
,,172.24.81.49,nan,False
,,172.24.75.24,nan,False
,,nan,nan,False
,,172.24.78.220,nan,False
,,nan,nan,False
,,172.24.80.27,nan,False
,,nan,nan,False
,,172.24.78.63,nan,False
,,172.24.78.62,b4:fb:e4:6c:8e:6d,False
,,172.24.77.11172.24.77.23,nan,False
,,nan,nan,False
,,172.24.78.65,nan,False
,,nan,nan,False
,,nan,nan,False
,,nan,nan,False
,,172.24.76.13,nan,False
,,nan,nan,False
,,nan,nan,False
,,nan,nan,False
,,172.24.76.18,nan,False
,,nan,nan,False
,,172.24.81.21,nan,False
,,nan,nan,False
,,nan,nan,False
,,nan,nan,False
,,172.24.78.214,nan,False
,,nan,nan,False
,,172.24.78.74,60:22:32:dc:4a:f8,False
,,nan,nan,False
,,172.24.51.21,nan,False
,,nan,nan,False
,,nan,nan,False
,,nan,nan,False
,,172.24.75.13,nan,False
,,172.24.75.14,nan,False
,,nan,nan,False
,,172.24.78.77,nan,False
,,nan,nan,False
,,172.24.79.36,nan,False
,,nan,nan,False
,,172.24.78.22,nan,False
,,nan,nan,False
,,172.24.76.19,nan,False
,,172.24.79.31,nan,False
,,nan,nan,False
,,nan,nan,False
,,172.24.79.12,nan,False
,,172.24.76.20,nan,False
,,172.24.51.20,nan,False
,,nan,nan,False
,,172.24.78.70,nan,False
,,nan,nan,False
,,172.24.76.53,nan,False
,,172.24.78.49,nan,False
,,172.24.79.35,nan,False
,,172.24.78.81,nan,False
,,nan,nan,False
,,nan,nan,False
,,nan,nan,False
,,nan,nan,False
,,172.24.78.80,nan,False
,,172.24.78.71,nan,False
,,172.24.78.82,nan,False
,,172.24.51.47,nan,False
,,172.24.78.4,nan,False
,,nan,nan,False
,,172.24.51.4,nan,False
,,172.24.79.32,nan,False
,,nan,nan,False
,,172.24.79.37,nan,False
,,172.24.79.40,nan,False
,,nan,nan,False
,,172.24.78.26,nan,False
,,nan,nan,False
,,172.24.76.23,nan,False
,,nan,nan,False
,,172.24.80.18,nan,False
,,nan,nan,False
,,172.24.51.70,nan,False
,,172.24.79.38,nan,False
,,nan,nan,False
,,nan,nan,False
,,nan,nan,False
,,172.24.51.54,nan,False
,,nan,nan,False
,,172.24.76.9,nan,False
,,172.24.81.19,nan,False
,,172.24.76.48,nan,False
,,172.24.81.27,nan,False
,,172.24.81.37,nan,False
,,nan,nan,False
,,nan,nan,False
,,nan,nan,False
,,172.24.77.42,nan,False
,,172.24.77.12,nan,False
,,172.24.78.84,nan,False
,,172.24.76.25,nan,False
,,nan,nan,False
,,172.24.51.133,nan,False
,,nan,nan,False
,,nan,nan,False
,,nan,nan,False
,,172.24.80.46,nan,False
,,nan,nan,False
,,nan,nan,False
,,nan,nan,False
,,nan,nan,False
,,172.24.80.51,nan,False
,,nan,nan,False
,,172.24.80.52,nan,False
,,nan,nan,False
,,172.24.80.53,nan,False
,,172.24.80.58,nan,False
,,nan,nan,False
,,172.24.80.71,nan,False
,,172.24.80.74,nan,False
,,172.24.80.72,nan,False
,,172.24.80.75,nan,False
,,nan,nan,False
,,172.24.77.28,e0:63:da:9e:2a:5f,False
,,172.24.80.85,nan,False
,,172.24.80.79,nan,False
,,172.24.77.50,nan,False
,,nan,nan,False
,,nan,nan,False
,,172.24.80.49,nan,False
,,nan,nan,False
,,172.24.80.90,nan,False
,,nan,nan,False
,,172.24.51.77,fc:ec:da:28:d8:1e,False
,,nan,nan,False
,,172.24.81.43,fc:ec:da:26:a0:56,False
,,nan,nan,False
,,172.24.75.17,nan,False
,,172.24.81.46,nan,False
,,nan,nan,False
,,nan,nan,False
,,nan,nan,False
,,172.24.81.50,nan,False
,,nan,nan,False
,,172.24.78.89,nan,False
,,nan,nan,False
,,172.24.51.79,nan,False
,,172.24.78.91,nan,False
,,172.24.80.24,nan,False
,,nan,nan,False
,,nan,nan,False
,,172.24.80.28,nan,False
,,172.24.83.66,nan,False
,,nan,nan,False
,,nan,nan,False
,,nan,nan,False
,,172.24.83.65,nan,False
,,172.24.51.78,nan,False
,,172.24.83.70,nan,False
,,172.24.83.101,nan,False
,,172.24.83.69,nan,False
,,nan,nan,False
,,nan,nan,False
,,172.24.80.36,nan,False
,,172.24.78.92,nan,False
,,nan,nan,False
,,172.24.83.54,nan,False
,,nan,nan,False
,,nan,nan,False
,,172.24.78.20,nan,False
,,172.24.81.44,nan,False
,,nan,nan,False
,,172.24.78.96,nan,False
,,172.24.81.98,nan,False
,,172.24.78.97,nan,False
,,172.24.78.98,nan,False
,,172.24.78.99,nan,False
,,nan,nan,False
,,nan,nan,False
,,nan,nan,False
,,172.24.80.41,nan,False
,,172.24.78.102,nan,False
,,nan,nan,False
,,nan,nan,False
,,nan,nan,False
,,nan,nan,False
,,172.24.78.192,24:5a:4c:36:67:22,False
,,172.24.79.11,nan,False
,,nan,nan,False
,,172.24.78.105,nan,False
,,nan,nan,False
,,nan,nan,False
,,172.24.79.49,nan,False
,,172.24.78.109,nan,False
,,172.24.79.50,nan,False
,,172.24.78.200,nan,False
,,172.24.81.56,nan,False
,,nan,nan,False
,,172.24.78.114,nan,False
,,172.24.77.25,nan,False
,,172.24.79.48,nan,False
,,172.24.83.15,nan,False
,,172.24.81.77,nan,False
,,172.24.75.18,nan,False
,,172.24.79.53,nan,False
,,172.24.79.56,nan,False
,,172.24.51.50,nan,False
,,nan,nan,False
,,172.24.78.115,nan,False
,,nan,nan,False
,,172.24.80.32,nan,False
,,172.24.80.34,nan,False
,,172.24.80.39,nan,False
,,nan,nan,False
,,nan,nan,False
,,nan,nan,False
,,nan,nan,False
,,172.24.77.14,nan,False
,,nan,nan,False
,,172.24.78.120,nan,False
,,172.24.75.25,74:83:c2:58:96:ce,False
,,nan,nan,False
,,nan,nan,False
,,nan,nan,False
,,172.24.78.174,24:5a:4c:e8:f2:f3,False
,,nan,nan,False
,,nan,nan,False
,,172.24.78.126,nan,False
,,nan,nan,False
,,nan,nan,False
,,172.24.78.127,nan,False
,,172.24.79.24,nan,False
,,nan,nan,False
,,nan,nan,False
,,nan,nan,False
,,172.24.79.21,nan,False
,,172.24.76.67,nan,False
,,172.24.78.25,nan,False
,,nan,nan,False
,,172.24.78.123,24:5a:4c:e8:5a:4a,False
,,nan,nan,False
,,172.24.76.32,24:5a:4c:ee:29:d3,False
,,172.24.51.51,nan,False
,,nan,nan,False
,,nan,nan,False
,,172.24.79.13,nan,False
,,172.24.78.107,nan,False
,,172.24.79.23,nan,False
,,nan,nan,False
,,172.24.78.51,nan,False
,,172.24.77.21,nan,False
,,nan,nan,False
,,nan,nan,False
,,nan,nan,False
,,172.24.78.119,nan,False
,,172.24.79.103,nan,False
,,nan,nan,False
,,nan,nan,False
,,172.24.81.90,nan,False
,,172.24.78.122,nan,False
,,nan,nan,False
,,172.24.51.30,nan,False
,,172.24.40.31,b4:fb:e4:a0:14:95,False
,,nan,nan,False
,,nan,nan,False
,,172.24.79.68,nan,False
,,172.24.76.40,nan,False
,,172.24.80.25,nan,False
,,nan,nan,False
,,172.24.78.116,nan,False
,,nan,nan,False
,,172.24.80.2,nan,False
,,172.24.51.86,nan,False
,,nan,nan,False
,,nan,nan,False
,,nan,nan,False
,,nan,nan,False
,,nan,nan,False
,,172.24.51.15,nan,False
,,172.24.80.116,nan,False
,,nan,nan,False
,,172.24.80.40,nan,False
,,172.24.80.9,nan,False
,,172.24.79.91,nan,False
,,172.24.79.6,nan,False
,,172.24.81.4,24:5a:4c:ee:36:11,False
,,nan,nan,False
,,172.24.51.74,nan,False
,,nan,nan,False
,,nan,nan,False
,,172.24.78.112,nan,False
,,nan,nan,False
,,172.24.77.3,nan,False
,,172.24.78.86,nan,False
,,nan,nan,False
,,nan,nan,False
,,172.24.77.22,nan,False
,,nan,nan,False
,,nan,nan,False
,,172.24.78.124,nan,False
,,172.24.78.131,nan,False
,,nan,nan,False
,,nan,nan,False
,,172.24.79.17,nan,False
,,nan,nan,False
,,nan,nan,False
,,172.24.78.134,nan,False
,,nan,nan,False
,,172.24.81.12,nan,False
,,172.24.77.36,nan,False
,,172.24.79.67,nan,False
,,172.24.76.11,nan,False
,,nan,nan,False
,,nan,nan,False
,,nan,nan,False
,,nan,nan,False
,,nan,nan,False
,,nan,nan,False
,,nan,nan,False
,,172.24.79.70,nan,False
,,nan,nan,False
,,172.24.81.24,nan,False
,,nan,nan,False
,,nan,nan,False
,,nan,nan,False
,,172.24.81.28172.24.75.4,nan,False
,,172.24.51.66,nan,False
,,172.24.76.51,nan,False
,,nan,nan,False
,,172.24.78.144,nan,False
,,172.24.81.82,nan,False
,,nan,nan,False
,,nan,nan,False
,,172.24.77.41,nan,False
,,172.24.78.145,nan,False
,,172.24.79.71,nan,False
,,172.24.76.15,nan,False
,,nan,nan,False
,,172.24.76.52,nan,False
,,172.24.76.42,nan,False
,,172.24.78.146,nan,False
,,172.24.79.93,60:22:32:b8:31:6e,False
,,172.24.78.181,nan,False
,,nan,nan,False
,,172.24.79.74,nan,False
,,172.24.78.108,nan,False
,,nan,nan,False
,,nan,nan,False
,,nan,nan,False
,,172.24.79.84,24:5a:4c:e8:f3:33,False
,,172.24.51.90,nan,False
,,172.24.76.22,nan,False
,,172.24.51.12,nan,False
,,172.24.77.15,60:22:32:b8:33:cd,False
,,172.24.78.117,nan,False
,,nan,nan,False
,,172.24.83.58,nan,False
,,172.24.51.97,nan,False
,,172.24.51.42,nan,False
,,172.24.79.76,nan,False
,,172.24.76.43,nan,False
,,172.24.76.44,nan,False
,,172.24.76.55,nan,False
,,nan,nan,False
,,nan,nan,False
,,nan,nan,False
,,172.24.79.108,nan,False
,,172.24.76.71,nan,False
,,172.24.83.89,nan,False
,,nan,nan,False
,,172.24.40.33,04:18:d6:32:e7:e1,False
,,172.24.40.34,64:d1:54:a7:2c:dd,False
,,nan,nan,False
,,nan,nan,False
,,10.5.40.102,c4:71:54:2b:51:67,False
,,nan,nan,False
,,10.5.40.227,bc:62:ce:0f:3b:47,False
,,172.24.40.38,24:a4:3c:0a:33:20,False
,,172.24.40.39,00:0c:42:2d:f8:74,False
,,nan,nan,False
,,nan,nan,False
,,172.24.78.128,nan,False
,,172.24.78.27,nan,False
,,nan,nan,False
,,172.24.77.38,nan,False
,,172.24.78.138,nan,False
,,172.24.76.46,nan,False
,,172.24.81.87,nan,False
,,172.24.78.40,nan,False
,,172.24.80.56,nan,False
,,172.24.78.149,nan,False
,,nan,nan,False
,,172.24.78.152,nan,False
,,172.24.79.78,nan,False
,,172.24.51.31,nan,False
,,172.24.81.78,nan,False
,,nan,nan,False
,,nan,nan,False
,,172.24.80.43,nan,False
,,172.24.51.80,nan,False
,,172.24.79.52,nan,False
,,172.24.76.30,nan,False
,,172.24.81.95,nan,False
,,172.24.78.125,nan,False
,,172.24.51.26,nan,False
,,172.24.78.140,nan,False
,,nan,nan,False
,,nan,nan,False
,,172.24.51.84,nan,False
,,172.24.40.40,nan,False
,,172.24.51.87,nan,False
,,172.24.79.82,nan,False
,,172.24.40.41,nan,False
,,nan,nan,False
,,nan,nan,False
,,172.24.80.45,nan,False
,,172.24.51.91,fc:ec:da:28:e3:95,False
,,nan,nan,False
,,172.24.76.66,nan,False
,,172.24.79.62,nan,False
,,172.24.75.21,fc:ec:da:c0:25:ea,False
,,172.24.51.46,nan,False
,,172.24.79.60,nan,False
,,172.24.78.83172.24.78.151,nan,False
,,nan,nan,False
,,172.24.80.63,nan,False
,,nan,nan,False
,,nan,nan,False
,,nan,nan,False
,,172.24.78.137,nan,False
,,nan,nan,False
,,nan,nan,False
,,172.24.78.156172.24.78.155,nan,False
,,nan,nan,False
,,nan,nan,False
,,172.24.78.159,nan,False
,,nan,nan,False
,,nan,nan,False
,,nan,nan,False
,,172.24.78.160,nan,False
,,nan,nan,False
,,nan,nan,False
,,172.24.51.19172.24.79.61172.24.51.55,nan,False
,,172.24.78.162,nan,False
,,172.24.78.161,b4:fb:e4:62:96:e2,False
,,172.24.79.81,nan,False
,,nan,nan,False
,,172.24.78.130,nan,False
,,172.24.78.164,nan,False
,,nan,nan,False
,,nan,nan,False
,,172.24.77.4,nan,False
,,nan,nan,False
,,172.24.51.93,nan,False
,,172.24.78.8,nan,False
,,nan,nan,False
,,172.24.81.93,nan,False
,,nan,nan,False
,,172.24.81.97,nan,False
,,172.24.80.66,nan,False
,,172.24.51.111,nan,False
,,172.24.79.72,nan,False
,,nan,nan,False
,,nan,nan,False
,,172.24.78.45,nan,False
,,172.24.80.73,nan,False
,,172.24.79.100,nan,False
,,nan,nan,False
,,nan,nan,False
,,172.24.78.177,nan,False
,,nan,nan,False
,,nan,nan,False
,,nan,nan,False
,,172.24.78.31,nan,False
,,172.24.78.33,nan,False
,,172.24.78.32,nan,False
,,172.24.79.63,nan,False
,,172.24.79.99,fc:ec:da:0c:9d:fe,False
,,172.24.81.18,nan,False
,,172.24.78.75,nan,False
,,nan,nan,False
,,172.24.81.22172.24.81.99,b4:fb:e4:66:43:8f,False
,,172.24.76.59,nan,False
,,172.24.78.44,nan,False
,,nan,nan,False
,,172.24.77.18,70:a7:41:20:81:c3,False
,,172.24.80.4,nan,False
,,172.24.78.3,nan,False
,,172.24.78.205,nan,False
,,nan,nan,False
,,172.24.78.55,nan,False
,,172.24.78.59,nan,False
,,nan,nan,False
,,172.24.76.8,nan,False
,,172.24.78.179,24:5a:4c:bc:db:29,False
,,172.24.81.74,nan,False
,,172.24.78.95,nan,False
,,172.24.81.79,nan,False
,,172.24.78.106,nan,False
,,172.24.78.169,nan,False
,,172.24.78.111,nan,False
,,172.24.78.100172.24.51.107,b4:fb:e4:a4:45:f6,False
,,172.24.78.147,nan,False
,,172.24.51.33,nan,False
,,172.24.78.139,nan,False
,,172.24.81.60,nan,False
,,nan,nan,False
,,172.24.83.94,nan,False
,,nan,nan,False
,,nan,nan,False
,,172.24.51.64,nan,False
,,nan,nan,False
,,172.24.81.14172.24.81.83,nan,False
,,172.24.79.30,nan,False
,,172.24.51.53,fc:ec:da:5e:09:f6,False
,,172.24.81.75,44:d9:e7:aa:ed:a3,False
,,172.24.51.83,f4:92:bf:3e:bf:79,False
,,172.24.51.95,60:22:32:b8:33:13,False
,,172.24.75.10,60:22:32:dc:36:e3,False
,,nan,nan,False
,,nan,nan,False
,,172.24.51.89,nan,False
,,172.24.79.33,nan,False
,,172.24.78.133,nan,False
,,172.24.51.65,nan,False
,,172.24.78.14,nan,False
,,172.24.51.94,nan,False
,,nan,nan,False
,,172.24.78.167,24:5a:4c:bc:d8:00,False
,,172.24.78.168172.24.78.148,nan,False
,,172.24.51.99,70:a7:41:20:88:7a,False
,,172.24.78.52,nan,False
,,172.24.78.23,nan,False
,,172.24.78.173,b4:fb:e4:66:a6:f9,False
,,172.24.51.136,b4:fb:e4:de:44:3a,False
,,172.24.80.57,fc:ec:da:28:df:b0,False
,,nan,nan,False
,,172.24.80.26,nan,False
,,nan,nan,False
,,172.24.76.56,60:22:32:dc:3b:f2,False
,,172.24.51.39,60:22:32:dc:4e:76,False
,,172.24.78.172,nan,False
,,172.24.79.88172.24.79.79,nan,False
,,172.24.51.69,44:d9:e7:6a:3f:b8,False
,,172.24.51.6172.24.79.39172.24.77.16172.24.51.2,nan,False
,,172.24.51.98,nan,False
,,172.24.79.41,2c:c8:1b:24:22:c5,False
,,172.24.78.184,60:22:32:dc:34:f2,False
,,nan,nan,False
,,172.24.78.178,60:22:32:dc:3a:5e,False
,,172.24.78.189,70:a7:41:20:80:2c,False
,,172.24.81.86,60:22:32:dc:35:6d,False
,,172.24.76.27,18:e8:29:84:67:a7,False
,,172.24.78.43,60:22:32:dc:35:65,False
,,172.24.81.41,f0:9f:c2:b2:45:ac,False
,,172.24.76.12,60:22:32:dc:32:94,False
,,172.24.78.68,nan,False
,,nan,nan,False
,,nan,nan,False
,,172.24.51.52,60:22:32:dc:3a:74,False
,,172.24.80.54,60:22:32:dc:39:97,False
,,172.24.75.11,74:ac:b9:78:ef:84,False
,,nan,nan,False
,,172.24.78.79,nan,False
,,nan,nan,False
,,172.24.78.142,60:22:32:b8:2d:84,False
,,172.24.78.176,fc:ec:da:28:df:28,False
,,172.24.77.44172.24.77.219,60:22:32:dc:2f:8c,False
,,nan,nan,False
,,172.24.78.253,nan,False
,,nan,nan,False
,,nan,nan,False
,,172.24.79.44,70:a7:41:1e:22:3a,False
,,nan,nan,False
,,172.24.81.25,74:83:c2:56:be:79,False
,,172.24.76.33,60:22:32:dc:22:00,False
,,172.24.79.85,70:a7:41:1e:20:d1,False
,,172.24.76.21,60:22:32:dc:1e:cb,False
,,172.24.78.93,nan,False
,,172.24.78.101,fc:ec:da:52:f9:7c,False
,,nan,nan,False
,,172.24.79.86,nan,False
,,172.24.51.101,f4:92:bf:d8:45:42,False
,,172.24.78.171,60:22:32:b8:23:8a,False
,,nan,nan,False
,,172.24.80.13,nan,False
,,nan,nan,False
,,172.24.80.31,e0:63:da:4a:8c:62,False
,,172.24.83.100,c4:ad:34:06:5f:01,False
,,nan,nan,False
,,172.24.78.103,nan,False
,,172.24.51.73,nan,False
,,172.24.51.81,60:22:32:dc:4d:4e,False
,,172.24.79.69,nan,False
,,172.24.51.16,60:22:32:dc:27:95,False
,,172.24.80.38,60:22:32:b8:2d:d4,False
,,172.24.78.121,nan,False
,,nan,nan,False
,,172.24.51.32,19:e8:29:dc:0b:d4,False
,,172.24.79.34,78:8a:20:cc:b5:9b,False
,,172.24.51.150,nan,False
,,172.24.51.100,74:ac:b9:7a:e5:91,False
,,172.24.51.103,24:5a:4c:ee:2b:be,False
,,nan,nan,False
,,172.24.76.24,60:22:32:dc:3c:a8,False
,,172.24.78.136,fc:ec:da:26:94:22,False
,,nan,nan,False
,,172.24.80.20,f4:92:bf:d2:a1:d2,False
,,nan,nan,False
,,172.24.80.11,70:a7:41:20:99:67,False
,,nan,nan,False
,,172.24.79.65,60:22:32:dc:1c:b8,False
,,nan,nan,False
,,172.24.51.105,60:22:32:dc:1d:b2,False
,,172.24.79.75,60:22:32:dc:41:c4,False
,,172.24.78.183,60:22:32:dc:28:9a,False
,,172.24.75.20,60:22:32:dc:1c:87,False
,,172.24.77.20,60:22:32:dc:24:1d,False
,,nan,nan,False
,,172.24.78.157,60:22:32:dc:3c:dc,False
,,172.24.76.28,24:5a:4c:ee:30:cc,False
,,nan,nan,False
,,172.24.81.42,70:a7:41:20:99:e8,False
,,172.24.81.48,70:a7:41:20:bc:09,False
,,172.24.51.48,fc:ec:da:28:eb:09,False
,,172.24.78.190,60:22:32:dc:24:2a,False
,,nan,nan,False
,,172.24.78.118,nan,False
,,172.24.76.26,24:5a:4c:bc:d8:e3,False
,,172.24.80.42,fc:ec:da:28:df:5d,False
,,nan,nan,False
,,172.24.79.4172.24.79.9,70:a7:41:20:bc:05,False
,,172.24.80.77,nan,False
,,172.24.77.29,nan,False
,,172.24.78.17,74:83:c2:56:bb:a0,False
,,172.24.79.66,18:e8:29:d8:74:22,False
,,172.24.76.34,e4:38:83:b0:6a:5e,False
,,172.24.78.135,60:22:32:b8:38:5c,False
,,172.24.51.22,74:83:c2:ae:1d:4c,False
,,172.24.76.35,78:8a:20:cc:ba:d1,False
,,172.24.51.61,f4:92:bf:40:01:a2,False
,,nan,nan,False
,,172.24.80.81,60:22:32:dc:4c:de,False
,,172.24.76.36,b4:fb:e4:ba:80:c7,False
,,172.24.78.110,b4:fb:e4:a4:c0:1d,False
,,172.24.78.76,60:22:32:dc:1f:db,False
,,172.24.78.90,fc:ec:da:54:3d:ae,False
,,172.24.51.7,24:5a:4c:e8:f4:3a,False
,,172.24.79.2,nan,False
,,172.24.79.73,70:a7:41:20:98:65,False
,,nan,nan,False
,,172.24.76.4,60:22:32:dc:3b:7e,False
,,nan,nan,False
,,172.24.79.90,nan,False
,,172.24.51.102,nan,False
,,172.24.51.106,nan,False
,,nan,nan,False
,,172.24.81.8,nan,False
,,nan,nan,False
,,nan,nan,False
,,nan,nan,False
,,172.24.78.78,f4:92:bf:e8:41:7d,False
,,nan,nan,False
,,172.24.51.40,78:8a:20:cc:b1:c3,False
,,172.24.78.64,70:a7:41:20:88:96,False
,,172.24.77.35,24:5a:4c:e8:fe:53,False
,,nan,nan,False
,,172.24.81.7,nan,False
,,nan,nan,False
,,nan,nan,False
,,nan,nan,False
,,172.24.77.39,24:5a:4c:e8:56:ba,False
,,172.24.79.95,fc:ec:da:c0:28:98,False
,,172.24.75.22,b4:fb:e4:0e:4b:ed,False
,,172.24.51.44,b4:fb:e4:68:a8:6c,False
,,172.24.78.163,nan,False
,,172.24.81.36,nan,False
,,172.24.77.46,nan,False
,,172.24.80.50,b4:fb:e4:62:33:b7,False
,,172.24.78.186,nan,False
,,172.24.78.187,nan,False
,,nan,nan,False
,,nan,nan,False
,,nan,nan,False
,,172.24.79.94,nan,False
,,172.24.78.39,nan,False
,,172.24.51.108,nan,False
,,172.24.78.67,nan,False
,,172.24.51.72,e4:38:83:c6:15:a8,False
,,nan,nan,False
,,nan,nan,False
,,172.24.80.65,nan,False
,,nan,nan,False
,,172.24.78.191,nan,False
,,172.24.51.75,nan,False
,,172.24.51.96,nan,False
,,nan,nan,False
,,nan,nan,False
,,nan,nan,False
,,nan,nan,False
,,nan,nan,False
,,172.24.79.96,nan,False
,,172.24.51.82,nan,False
,,172.24.78.94,60:22:32:dc:48:05,False
,,nan,nan,False
,,172.24.77.13,fc:ec:da:cc:32:9f,False
,,172.24.81.11,e4:38:83:c6:14:6b,False
,,nan,nan,False
,,172.24.79.98,70:a7:41:20:84:b9,False
,,172.24.78.88,60:22:32:dc:52:fe,False
,,172.24.79.80,nan,False
,,nan,nan,False
,,nan,nan,False
,,172.24.76.54,nan,False
,,172.24.80.14,nan,False
,,172.24.81.33,f4:92:bf:30:e2:a7,False
,,172.24.51.109,60:22:32:dc:4b:9b,False
,,172.24.79.16,fc:ec:da:26:9e:e1,False
,,172.24.76.58,24:5a:4c:e8:f4:ca,False
,,172.24.76.45,nan,False
,,172.24.78.38,nan,False
,,172.24.80.44,nan,False
,,172.24.80.35,e4:38:83:c4:30:b2,False
,,172.24.78.36,e4:38:83:c4:34:7f,False
,,172.24.76.64,69:16:17:62:20:37,False
,,172.24.51.29,nan,False
,,nan,nan,False
,,172.24.78.85,nan,False
,,172.24.78.141,nan,False
,,172.24.76.60,60:22:32:dc:43:4f,False
,,nan,nan,False
,,172.24.76.61,nan,False
,,172.24.80.61,24:5a:4c:e8:59:29,False
,,172.24.51.67,nan,False
,,172.24.79.18,nan,False
,,nan,nan,False
,,172.24.76.14,nan,False
,,172.24.76.49,nan,False
,,nan,nan,False
,,172.24.81.23,nan,False
,,172.24.78.153,nan,False
,,nan,nan,False
,,172.24.79.20,nan,False
,,nan,nan,False
,,nan,nan,False
,,172.24.75.2,nan,False
,,172.24.78.166,nan,False
,,172.24.51.71,nan,False
,,172.24.75.3,nan,False
,,172.24.79.83,nan,False
,,172.24.79.87,nan,False
,,172.24.79.89,nan,False
,,172.24.79.97,nan,False
,,172.24.78.182,nan,False
,,172.24.78.188,nan,False
,,172.24.76.62,nan,False
,,172.24.79.101,nan,False
,,172.24.79.102,nan,False
,,172.24.78.69,nan,False
,,172.24.76.57,nan,False
,,172.24.76.65,nan,False
,,172.24.81.38,nan,False
,,172.24.75.15,nan,False
,,172.24.78.72,nan,False
,,172.24.76.70,nan,False
,,172.24.81.16,nan,False
,,172.24.76.69,nan,False
,,nan,nan,False
,,172.24.78.113,nan,False
,,172.24.78.165,nan,False
,,nan,nan,False
,,172.24.78.9,nan,False
,,172.24.51.104,nan,False
,,172.24.78.41,nan,False
,,172.24.80.70,nan,False
,,172.24.78.170,nan,False
,,nan,nan,False
,,172.24.78.194172.24.81.5,nan,False
,,172.24.51.58,nan,False
,,nan,nan,False
,,172.24.79.19,nan,False
,,172.24.79.210,nan,False
,,172.24.78.197,nan,False
,,172.24.78.198,nan,False
,,172.24.78.199,nan,False
,,nan,nan,False
,,172.24.78.24,nan,False
,,172.24.78.73,nan,False
,,172.24.78.180,nan,False
,,172.24.80.12,nan,False
,,172.24.78.185,nan,False
,,172.24.79.208,nan,False
,,172.24.78.202,nan,False
,,172.24.78.203,nan,False
,,172.24.79.51172.24.51.23,nan,False
,,172.24.80.55,nan,False
,,nan,nan,False
,,172.24.79.28,nan,False
,,172.24.76.38,nan,False
,,172.24.80.3,nan,False
,,nan,nan,False
,,172.24.78.16,nan,False
,,172.24.78.28,nan,False
,,172.24.51.11,nan,False
,,172.24.78.66,nan,False
,,nan,nan,False
,,172.24.51.43,nan,False
,,172.24.51.5,nan,False
,,172.24.59.44,nan,False
,,172.24.51.76,nan,False
,,172.24.81.55,nan,False
,,nan,nan,False
,,172.24.76.41,nan,False
,,172.24.51.25,nan,False
,,172.24.80.60,nan,False
,,172.24.78.10,nan,False
,,172.24.78.87,nan,False
,,172.24.78.37,nan,False
,,172.24.51.85,nan,False
,,172.24.78.154,nan,False
,,172.24.76.77,nan,False
,,172.24.76.7,nan,False
,,172.24.80.30,nan,False
,,172.24.59.7,nan,False
,,172.24.81.10,nan,False
,,nan,nan,False
,,172.24.78.143,nan,False
,,172.24.78.175,nan,False
